{"cameraMode":{"drawMode":0,"name":"Shaded","section":"Shading Mode"},"sceneLighting":false,"audioPlay":false,"sceneViewState":{"showFog":true,"showMaterialUpdate":false,"showSkybox":false,"showFlares":true,"showImageEffects":true,"showParticleSystems":true,"showVisualEffectGraphs":true,"m_FxEnabled":true},"in2DMode":false,"pivot":{"x":-0.8199999332427979,"y":3.4000000953674318,"z":-13.729999542236329},"rotation":{"x":0.15960130095481873,"y":-0.40405192971229555,"z":0.07161920517683029,"w":0.8980184197425842},"size":1.9330124855041505,"orthographic":false}